[{"id":"user-image-e7315c7-484-3eff-2526-2d7503b22dd3_230311_image.png","publicUrl":"np://user.desktop.nicepage.com/Site_31642959/images/e7315c7-484-3eff-2526-2d7503b22dd3_230311_image.png","size":518148,"hash":"sX2bPUR0ajX8h7vt3sH/h9ok8B8=","fileName":"e7315c7-484-3eff-2526-2d7503b22dd3_230311_image.png","name":"e7315c7-484-3eff-2526-2d7503b22dd3_230311_image","width":1280,"height":720,"thumbnail":{"url":"np://user.desktop.nicepage.com/Site_31642959/images/thumbnails/e7315c7-484-3eff-2526-2d7503b22dd3_230311_image.png","width":250,"height":141},"folderId":null,"usages":["463015460"]},{"id":"user-image-554744.png","publicUrl":"np://user.desktop.nicepage.com/Site_31642959/images/554744.png","size":6278,"hash":"Q2YiTGFMP5AAXLnqAnYPpCkZHwk=","fileName":"554744.png","name":"554744","width":128,"height":128,"thumbnail":{"url":"np://user.desktop.nicepage.com/Site_31642959/images/thumbnails/554744.png","width":128,"height":128,"length":6278,"type":"png"},"folderId":null,"usages":["358627284"]},{"id":"user-image-logo_obdelnik.jpg","publicUrl":"np://user.desktop.nicepage.com/Site_31642959/images/logo_obdelnik.jpg","size":59404,"hash":"//qaKH2DaeO/d/TOPW1X4mn4T+Y=","fileName":"logo_obdelnik.jpg","name":"logo_obdelnik","width":1024,"height":378,"thumbnail":{"url":"np://user.desktop.nicepage.com/Site_31642959/images/thumbnails/logo_obdelnik.jpg","width":250,"height":92},"folderId":null,"usages":[]},{"id":"user-image-2474482.png","publicUrl":"np://user.desktop.nicepage.com/Site_31642959/images/2474482.png","size":3089,"hash":"2kN/SWLwN9YZzDbFSGOH3GLpdJ4=","fileName":"2474482.png","name":"2474482","width":128,"height":128,"thumbnail":{"url":"np://user.desktop.nicepage.com/Site_31642959/images/thumbnails/2474482.png","width":128,"height":128,"length":3089,"type":"png"},"folderId":null,"usages":["463015460","358627284"]},{"id":"user-image-2912773.png","publicUrl":"np://user.desktop.nicepage.com/Site_31642959/images/2912773.png","size":3582,"hash":"b88vuy/f/emV4CI81S6btSjABzM=","fileName":"2912773.png","name":"2912773","width":128,"height":128,"thumbnail":{"url":"np://user.desktop.nicepage.com/Site_31642959/images/thumbnails/2912773.png","width":128,"height":128,"length":3582,"type":"png"},"folderId":null,"usages":["463015460"]},{"id":"user-image-912318.png","publicUrl":"np://user.desktop.nicepage.com/Site_31642959/images/912318.png","size":6313,"hash":"vMVcp6vd5OHKzAa5S/E7mAa6hZ0=","fileName":"912318.png","name":"912318","width":128,"height":128,"thumbnail":{"url":"np://user.desktop.nicepage.com/Site_31642959/images/thumbnails/912318.png","width":128,"height":128,"length":6313,"type":"png"},"folderId":null,"usages":["463015460"]},{"id":"user-image-4882652.png","publicUrl":"np://user.desktop.nicepage.com/Site_31642959/images/4882652.png","size":3244,"hash":"U+eOCoMbDYWt0d60b8g2IeAVY6U=","fileName":"4882652.png","name":"4882652","width":128,"height":128,"thumbnail":{"url":"np://user.desktop.nicepage.com/Site_31642959/images/thumbnails/4882652.png","width":128,"height":128,"length":3244,"type":"png"},"folderId":null,"usages":["463015460"]},{"id":"user-image-5434824.png","publicUrl":"np://user.desktop.nicepage.com/Site_31642959/images/5434824.png","size":1965,"hash":"J5oXDpiICXCx6Kv5p3rX1tIOWOc=","fileName":"5434824.png","name":"5434824","width":128,"height":128,"thumbnail":{"url":"np://user.desktop.nicepage.com/Site_31642959/images/thumbnails/5434824.png","width":128,"height":128,"length":1965,"type":"png"},"folderId":null,"usages":["463015460"]},{"id":"user-image-3635987.png","publicUrl":"np://user.desktop.nicepage.com/Site_31642959/images/3635987.png","size":3993,"hash":"Ac+jR32dDlpr2lCBW/iUM7L2+8A=","fileName":"3635987.png","name":"3635987","width":128,"height":128,"thumbnail":{"url":"np://user.desktop.nicepage.com/Site_31642959/images/thumbnails/3635987.png","width":128,"height":128,"length":3993,"type":"png"},"folderId":null,"usages":["463015460"]},{"id":"user-image-photo-1586473219010-2ffc57b0d282.jpeg","publicUrl":"np://user.desktop.nicepage.com/Site_31642959/images/photo-1586473219010-2ffc57b0d282.jpeg","size":334995,"hash":"itRl4JaqSR+t5KK3/vudDmqwMQM=","fileName":"photo-1586473219010-2ffc57b0d282.jpeg","name":"photo-1586473219010-2ffc57b0d282","width":1080,"height":1350,"thumbnail":{"url":"np://user.desktop.nicepage.com/Site_31642959/images/thumbnails/photo-1586473219010-2ffc57b0d282.jpeg","width":200,"height":250},"folderId":null,"usages":["463015460"]},{"id":"user-image-pexels-vladimir-konoplev-12088590-Copy.jpg","publicUrl":"np://user.desktop.nicepage.com/Site_31642959/images/pexels-vladimir-konoplev-12088590-Copy.jpg","size":107393,"hash":"MiblcEEc3cUjsEYTCEfm+I2OyfM=","fileName":"pexels-vladimir-konoplev-12088590-Copy.jpg","name":"pexels-vladimir-konoplev-12088590-Copy","width":724,"height":1080,"thumbnail":{"url":"np://user.desktop.nicepage.com/Site_31642959/images/thumbnails/pexels-vladimir-konoplev-12088590-Copy.jpg","width":168,"height":250},"folderId":null,"originalUrl":"//images01.nicepagecdn.com/a1389d7bc73adea1e1c1fb7e/ad7c4b0259075c5e84364529/pexels-vladimir-konoplev-12088590-Copy.jpg","usages":[]},{"id":"user-image-e916e899-9128-4aac-8760-007d5815c973.jpg","publicUrl":"np://user.desktop.nicepage.com/Site_31642959/images/e916e899-9128-4aac-8760-007d5815c973.jpg","size":50488,"hash":"/qqPm33zidboJjGIs+EeOWgeb9c=","fileName":"e916e899-9128-4aac-8760-007d5815c973.jpg","name":"e916e899-9128-4aac-8760-007d5815c973","width":1500,"height":1000,"thumbnail":{"url":"np://user.desktop.nicepage.com/Site_31642959/images/thumbnails/e916e899-9128-4aac-8760-007d5815c973.jpg","width":250,"height":167},"folderId":null,"originalUrl":"//images01.nicepagecdn.com/a1389d7bc73adea1e1c1fb7e/28d87030824150d899584d81/e916e899-9128-4aac-8760-007d5815c973.jpg","usages":[]},{"id":"user-image-08a3461f-6e0c-4b94-8524-b2fc1f0ce15b.jpg","publicUrl":"np://user.desktop.nicepage.com/Site_31642959/images/08a3461f-6e0c-4b94-8524-b2fc1f0ce15b.jpg","size":45480,"hash":"yyMMdUI9YQaa5gfdP2wtQTL2vBM=","fileName":"08a3461f-6e0c-4b94-8524-b2fc1f0ce15b.jpg","name":"08a3461f-6e0c-4b94-8524-b2fc1f0ce15b","width":1500,"height":1000,"thumbnail":{"url":"np://user.desktop.nicepage.com/Site_31642959/images/thumbnails/08a3461f-6e0c-4b94-8524-b2fc1f0ce15b.jpg","width":250,"height":167},"folderId":null,"originalUrl":"//images01.nicepagecdn.com/a1389d7bc73adea1e1c1fb7e/861162f869e650e0b7798f66/08a3461f-6e0c-4b94-8524-b2fc1f0ce15b.jpg","usages":[]},{"id":"user-image-rtrait-young-woman-casual-clothes-with-blonde-dyed-hair-gently-smiling-during-pleasant-conversation-standing-closed-posture.jpg","publicUrl":"np://user.desktop.nicepage.com/Site_31642959/images/rtrait-young-woman-casual-clothes-with-blonde-dyed-hair-gently-smiling-during-pleasant-conversation-standing-closed-posture.jpg","size":52267,"hash":"SlDy+oUEkbk17cj0l67rHCKF6D0=","fileName":"rtrait-young-woman-casual-clothes-with-blonde-dyed-hair-gently-smiling-during-pleasant-conversation-standing-closed-posture.jpg","name":"rtrait-young-woman-casual-clothes-with-blonde-dyed-hair-gently-smiling-during-pleasant-conversation-standing-closed-posture","width":1500,"height":1000,"thumbnail":{"url":"np://user.desktop.nicepage.com/Site_31642959/images/thumbnails/rtrait-young-woman-casual-clothes-with-blonde-dyed-hair-gently-smiling-during-pleasant-conversation-standing-closed-posture.jpg","width":250,"height":167},"folderId":null,"originalUrl":"//images01.nicepagecdn.com/a1389d7bc73adea1e1c1fb7e/04ee3ddda8d95834bb92e570/portrait-young-woman-casual-clothes-with-blonde-dyed-hair-gently-smiling-during-pleasant-conversation-standing-closed-posture.jpg","usages":[]},{"id":"user-image-8066424.png","publicUrl":"np://user.desktop.nicepage.com/Site_31642959/images/8066424.png","size":2789,"hash":"TuyL4PsNoTty7m/BkdT3G+8vCi0=","fileName":"8066424.png","name":"8066424","width":128,"height":128,"thumbnail":{"url":"np://user.desktop.nicepage.com/Site_31642959/images/thumbnails/8066424.png","width":128,"height":128,"length":2789,"type":"png"},"folderId":null,"originalUrl":"//images01.nicepagecdn.com/c461c07a441a5d220e8feb1a/73e1c047a8945fe5a79563d6/8066424.png","usages":["613900406"]},{"id":"user-image-2838912.png","publicUrl":"np://user.desktop.nicepage.com/Site_31642959/images/2838912.png","size":3309,"hash":"h7/HH/0ZvnQq2pA81c0JVoTZC3o=","fileName":"2838912.png","name":"2838912","width":128,"height":128,"thumbnail":{"url":"np://user.desktop.nicepage.com/Site_31642959/images/thumbnails/2838912.png","width":128,"height":128,"length":3309,"type":"png"},"folderId":null,"originalUrl":"//images01.nicepagecdn.com/c461c07a441a5d220e8feb1a/2a887ebcd4e254be83f2068a/2838912.png","usages":["613900406"]},{"id":"user-image-646094.png","publicUrl":"np://user.desktop.nicepage.com/Site_31642959/images/646094.png","size":2920,"hash":"D4R2eI+UniH8DFN5GIjVyvdbvvY=","fileName":"646094.png","name":"646094","width":128,"height":128,"thumbnail":{"url":"np://user.desktop.nicepage.com/Site_31642959/images/thumbnails/646094.png","width":128,"height":128,"length":2920,"type":"png"},"folderId":null,"originalUrl":"//images01.nicepagecdn.com/c461c07a441a5d220e8feb1a/0f93b8c989d653229f7e203c/646094.png","usages":["613900406"]},{"id":"user-image-Untitled-1.png","publicUrl":"np://user.desktop.nicepage.com/Site_31642959/images/Untitled-1.png","size":10389,"hash":"Cg7zclqXawpv1EQWpl2eaP4Ho80=","fileName":"Untitled-1.png","name":"Untitled-1","width":433,"height":116,"thumbnail":{"url":"np://user.desktop.nicepage.com/Site_31642959/images/thumbnails/Untitled-1.png","width":250,"height":67},"folderId":null,"originalUrl":"https://assets.nicepagecdn.com/11a8ddce/4092501/images/Untitled-1.png","usages":["613900406"]},{"id":"user-image-handsome-confident-smiling-man-with-hands-crossed-chest.png","publicUrl":"np://user.desktop.nicepage.com/Site_31642959/images/handsome-confident-smiling-man-with-hands-crossed-chest.png","size":732688,"hash":"7fAQj4zLCj7Xk8CGhtCKIt3jcEs=","fileName":"handsome-confident-smiling-man-with-hands-crossed-chest.png","name":"handsome-confident-smiling-man-with-hands-crossed-chest","width":659,"height":901,"thumbnail":{"url":"np://user.desktop.nicepage.com/Site_31642959/images/thumbnails/handsome-confident-smiling-man-with-hands-crossed-chest.png","width":183,"height":250},"folderId":null,"originalUrl":"https://assets.nicepagecdn.com/11a8ddce/4092501/images/handsome-confident-smiling-man-with-hands-crossed-chest.png","usages":["613900406"]},{"id":"user-image-black-logo-6.png","publicUrl":"np://user.desktop.nicepage.com/Site_31642959/images/black-logo-6.png","size":20790,"hash":"GnhB5ZJ41PM/e2Nor1+wmL5QC50=","fileName":"black-logo-6.png","name":"black-logo-6","width":131,"height":171,"thumbnail":{"url":"np://user.desktop.nicepage.com/Site_31642959/images/thumbnails/black-logo-6.png","width":131,"height":171,"length":20790,"type":"png"},"folderId":null,"originalUrl":"//images01.nicepagecdn.com/a1389d7bc73adea1e1c1fb7e/62605c9f773e5f9cbdda4dbf/black-logo-6.png","usages":["463015460"]},{"id":"user-image-black-logo-5.png","publicUrl":"np://user.desktop.nicepage.com/Site_31642959/images/black-logo-5.png","size":20120,"hash":"o2NeaRyFgV4iBbdCbXQCMbQDdDs=","fileName":"black-logo-5.png","name":"black-logo-5","width":142,"height":155,"thumbnail":{"url":"np://user.desktop.nicepage.com/Site_31642959/images/thumbnails/black-logo-5.png","width":142,"height":155,"length":20120,"type":"png"},"folderId":null,"originalUrl":"//images01.nicepagecdn.com/a1389d7bc73adea1e1c1fb7e/f4c2ec35cca95ad2b1db886b/black-logo-5.png","usages":["463015460"]},{"id":"user-image-black-logo-4.png","publicUrl":"np://user.desktop.nicepage.com/Site_31642959/images/black-logo-4.png","size":22120,"hash":"Z3OnsSlIW/Xwl97auEhQtmCu4bg=","fileName":"black-logo-4.png","name":"black-logo-4","width":134,"height":154,"thumbnail":{"url":"np://user.desktop.nicepage.com/Site_31642959/images/thumbnails/black-logo-4.png","width":134,"height":154,"length":22120,"type":"png"},"folderId":null,"originalUrl":"//images01.nicepagecdn.com/a1389d7bc73adea1e1c1fb7e/da20b91fac9e573f9e813582/black-logo-4.png","usages":["463015460"]},{"id":"user-image-black-logo-3.png","publicUrl":"np://user.desktop.nicepage.com/Site_31642959/images/black-logo-3.png","size":22472,"hash":"wyHzhKO9xjzm2k1z7P/3KSTt6lM=","fileName":"black-logo-3.png","name":"black-logo-3","width":168,"height":156,"thumbnail":{"url":"np://user.desktop.nicepage.com/Site_31642959/images/thumbnails/black-logo-3.png","width":168,"height":156,"length":22472,"type":"png"},"folderId":null,"originalUrl":"//images01.nicepagecdn.com/a1389d7bc73adea1e1c1fb7e/8aba9edd10b65867bb8c1fd0/black-logo-3.png","usages":["463015460"]},{"id":"user-image-black-logo-2_150.png","publicUrl":"np://user.desktop.nicepage.com/Site_31642959/images/black-logo-2_150.png","size":20486,"hash":"dJqfsQlJ6VDplVS0OXboYWx1ZXA=","fileName":"black-logo-2_150.png","name":"black-logo-2_150","width":108,"height":140,"thumbnail":{"url":"np://user.desktop.nicepage.com/Site_31642959/images/thumbnails/black-logo-2_150.png","width":108,"height":140,"length":20486,"type":"png"},"folderId":null,"originalUrl":"//images01.nicepagecdn.com/thumbs/a1389d7bc73adea1e1c1fb7e/e8ce7cced71d5c7aa4d002e1/black-logo-2_150.png","usages":["463015460"]},{"id":"user-image-black-logo-1.png","publicUrl":"np://user.desktop.nicepage.com/Site_31642959/images/black-logo-1.png","size":21465,"hash":"+S5C7QqyluuZsUjTGAMoqg2uGg0=","fileName":"black-logo-1.png","name":"black-logo-1","width":151,"height":158,"thumbnail":{"url":"np://user.desktop.nicepage.com/Site_31642959/images/thumbnails/black-logo-1.png","width":151,"height":158,"length":21465,"type":"png"},"folderId":null,"originalUrl":"//images01.nicepagecdn.com/a1389d7bc73adea1e1c1fb7e/a32313390c475bec9fff6116/black-logo-1.png","usages":["463015460"]},{"id":"user-image-pexels-christina-morillo-1181742.jpg","publicUrl":"np://user.desktop.nicepage.com/Site_31642959/images/pexels-christina-morillo-1181742.jpg","size":277299,"hash":"ZBlrR4C9WJCd48Y7xJNotKRePuA=","fileName":"pexels-christina-morillo-1181742.jpg","name":"pexels-christina-morillo-1181742","width":1280,"height":1920,"thumbnail":{"url":"np://user.desktop.nicepage.com/Site_31642959/images/thumbnails/pexels-christina-morillo-1181742.jpg","width":167,"height":250},"folderId":null,"originalUrl":"https://assets.nicepagecdn.com/11a8ddce/4092501/images/pexels-christina-morillo-1181742.jpg","usages":[]}]