[{"id":201323817,"title":"Blog Template","order":1,"templateKey":"blog","customTemplate":false,"customTemplateFilename":null,"pageLinks":[],"dateCreated":"2025-11-03T15:29:27.770Z","dateUpdated":"2025-11-03T15:29:30.214Z","folderId":null,"pageName":"Blog Template","serverPageId":null,"sectionCount":1,"status":2,"backwardUrl":null},{"id":41896165,"title":"Post Template","order":2,"templateKey":"post","customTemplate":false,"customTemplateFilename":null,"pageLinks":[],"dateCreated":"2025-11-03T15:29:27.961Z","dateUpdated":"2025-11-03T15:29:30.215Z","folderId":null,"pageName":"Post Template","serverPageId":null,"sectionCount":1,"status":2,"backwardUrl":null},{"id":474529805,"title":"Product List Template","order":3,"templateKey":"products","customTemplate":false,"customTemplateFilename":null,"pageLinks":[],"dateCreated":"2025-11-03T15:29:28.166Z","dateUpdated":"2025-11-03T15:29:30.216Z","folderId":null,"pageName":"Product List Template","serverPageId":null,"sectionCount":1,"status":2,"backwardUrl":null},{"id":257690365,"title":"Product Details Template","order":4,"templateKey":"product","customTemplate":false,"customTemplateFilename":null,"pageLinks":[],"dateCreated":"2025-11-03T15:29:28.350Z","dateUpdated":"2025-11-03T15:29:30.217Z","folderId":null,"pageName":"Product Details Template","serverPageId":null,"sectionCount":1,"status":2,"backwardUrl":null},{"id":1264303411,"title":"Shopping Cart Template","order":5,"templateKey":"cart","customTemplate":false,"customTemplateFilename":null,"pageLinks":[],"dateCreated":"2025-11-03T15:29:28.517Z","dateUpdated":"2025-11-03T15:29:30.217Z","folderId":null,"pageName":"Shopping Cart Template","serverPageId":null,"sectionCount":1,"status":2,"backwardUrl":null},{"id":337613214,"title":"Checkout Template","order":6,"templateKey":"checkout","customTemplate":false,"customTemplateFilename":null,"pageLinks":[],"dateCreated":"2025-11-03T15:29:28.720Z","dateUpdated":"2025-11-03T15:29:30.217Z","folderId":null,"pageName":"Checkout Template","serverPageId":null,"sectionCount":1,"status":2,"backwardUrl":null},{"id":4146320,"title":"Login Template","order":7,"templateKey":"login","customTemplate":false,"customTemplateFilename":null,"pageLinks":[],"dateCreated":"2025-11-03T15:29:28.852Z","dateUpdated":"2025-11-03T15:29:30.217Z","folderId":null,"pageName":"Login Template","serverPageId":null,"sectionCount":1,"status":2,"backwardUrl":null},{"id":89109371,"title":"Search Page Template","order":8,"templateKey":"Search","customTemplate":false,"customTemplateFilename":null,"pageLinks":[],"dateCreated":"2025-11-03T15:29:28.953Z","dateUpdated":"2025-11-03T15:29:30.218Z","folderId":null,"pageName":"Search Page Template","serverPageId":null,"sectionCount":1,"status":2,"backwardUrl":null},{"id":692111855,"title":"Page Password Template","order":9,"templateKey":"password","customTemplate":false,"customTemplateFilename":null,"pageLinks":[],"dateCreated":"2025-11-03T15:29:29.071Z","dateUpdated":"2025-11-03T15:29:30.218Z","folderId":null,"pageName":"Page Password Template","serverPageId":null,"sectionCount":1,"status":2,"backwardUrl":null},{"id":326319295,"title":"404 Not Found Template","order":10,"templateKey":"404","customTemplate":false,"customTemplateFilename":null,"pageLinks":[],"dateCreated":"2025-11-03T15:29:29.171Z","dateUpdated":"2025-11-03T15:29:30.219Z","folderId":null,"pageName":"404 Not Found Template","serverPageId":null,"sectionCount":1,"status":2,"backwardUrl":null},{"id":275111442,"title":"Thank You Page Template","order":11,"templateKey":"ThankYou","customTemplate":false,"customTemplateFilename":null,"pageLinks":[],"dateCreated":"2025-11-03T15:29:29.315Z","dateUpdated":"2025-11-03T15:29:30.219Z","folderId":null,"pageName":"Thank You Page Template","serverPageId":null,"sectionCount":1,"status":2,"backwardUrl":null},{"id":358627284,"title":"Produkty","order":13,"templateKey":null,"customTemplate":false,"customTemplateFilename":null,"pageLinks":[],"dateCreated":"2025-11-03T15:30:11.039Z","dateUpdated":"2025-11-07T18:04:29.007Z","folderId":null,"pageName":"Produkty_358627284","serverPageId":null,"sectionCount":4,"status":2,"backwardUrl":null},{"id":613900406,"title":"Contact","order":15,"templateKey":null,"customTemplate":false,"customTemplateFilename":null,"pageLinks":[],"dateCreated":"2025-11-03T15:30:16.679Z","dateUpdated":"2025-11-07T22:04:29.313Z","folderId":null,"pageName":"Contact_613900406","serverPageId":null,"sectionCount":4,"status":2,"backwardUrl":null},{"id":38344068,"title":"Team","order":16,"templateKey":null,"customTemplate":false,"customTemplateFilename":null,"pageLinks":[],"dateCreated":"2025-11-03T15:30:18.753Z","dateUpdated":"2025-11-03T15:30:18.753Z","folderId":null,"pageName":"Team_38344068","serverPageId":null,"sectionCount":3,"status":2,"backwardUrl":null},{"id":463015460,"title":"Home","order":17,"templateKey":null,"customTemplate":false,"customTemplateFilename":null,"pageLinks":["613900406","358627284"],"dateCreated":"2025-11-03T15:34:07.173Z","dateUpdated":"2025-11-07T21:53:09.255Z","folderId":null,"pageName":"Home_463015460","serverPageId":null,"sectionCount":5,"status":2,"backwardUrl":null},{"id":878829530,"title":"Obchodní podmínky","order":15.5,"templateKey":null,"customTemplate":false,"customTemplateFilename":null,"pageLinks":[],"dateCreated":"2025-11-03T15:30:16.679Z","dateUpdated":"2025-11-07T18:04:56.672Z","folderId":null,"pageName":"Obchodní podmínky_878829530","serverPageId":null,"sectionCount":4,"status":2,"backwardUrl":null}]